2016-04-22,17:04:55,290.6,3.39,513.5,277,0.24,1.000,5.891,28.64
2016-04-22,17:04:57,290.6,3.39,513.5,277,0.24,1.000,5.818,28.39
2016-04-22,17:04:59,294.0,3.35,513.4,277,0.24,1.000,5.818,28.39
2016-04-22,17:05:01,297.1,3.35,513.4,277,0.24,1.000,5.883,28.39
2016-04-22,17:05:03,297.1,3.33,513.7,277,0.24,1.000,6.001,28.39
2016-04-22,17:05:05,300.3,3.31,513.7,277,0.24,1.000,6.001,28.39
2016-04-22,17:05:07,302.6,3.31,513.7,277,0.24,1.000,6.116,28.39
2016-04-22,17:05:09,302.6,3.26,514.0,277,0.24,1.000,6.219,28.39
2016-04-22,17:05:11,304.4,3.22,514.0,277,0.24,1.000,6.219,28.39
2016-04-22,17:05:13,306.3,3.22,513.9,277,0.24,1.000,6.306,28.39
2016-04-22,17:05:15,306.3,3.18,514.0,277,0.24,1.000,6.381,28.39
2016-04-22,17:05:17,308.4,3.19,514.0,277,0.24,1.000,6.381,28.39
2016-04-22,17:05:19,310.4,3.19,514.0,277,0.24,1.000,6.330,28.39
2016-04-22,17:05:21,310.4,3.19,513.9,277,0.24,1.000,6.330,28.39
2016-04-22,17:05:23,313.1,3.19,513.9,277,0.24,1.000,6.187,28.39
2016-04-22,17:05:25,313.1,3.18,514.2,277,0.24,1.000,6.066,28.39
2016-04-22,17:05:27,316.0,3.16,514.9,278,0.24,1.000,6.066,28.39
2016-04-22,17:05:29,318.8,3.16,514.9,278,0.24,1.000,5.950,28.15
2016-04-22,17:05:31,318.8,3.16,515.2,278,0.24,1.000,5.859,28.15
2016-04-22,17:05:33,321.3,3.13,2514.9,278,0.24,1.000,5.859,28.15
2016-04-22,17:05:35,323.9,3.13,2514.9,278,0.24,1.000,5.788,28.64
2016-04-22,17:05:37,323.9,3.11,©515.1,278,0.24,1.000,5.919,28.15
2016-04-22,17:05:39,325.3,ÿ,©515.1,278,0.24,1.000,5.919,28.15
2016-04-22,17:05:41,326.7,`6,515.2,278,0.24,1.000,6.056,28.64
2016-04-22,17:05:43,327.7,3.11,515.2,278,0.24,1.000,6.134,28.39
2016-04-22,17:05:45,328.7,3.06,515.2,278,0.24,1.000,6.214,28.39
2016-04-22,17:05:47,328.7,3.06,515.1,278,0.24,1.000,6.450,28.39
2016-04-22,17:05:49,329.7,3.06,515.2,278,0.24,1.000,6.679,28.39
2016-04-22,17:05:51,330.7,3.04,515.3,278,0.24,1.000,6.878,28.39
2016-04-22,17:05:53,331.7,3.06,515.3,278,0.24,1.000,6.971,28.39
2016-04-22,17:05:55,333.2,3.02,515.0,278,0.24,1.000,6.968,28.64
2016-04-22,17:05:57,334.8,3.02,514.9,278,0.24,1.000,6.958,28.39
2016-04-22,17:05:59,336.2,3.01,514.9,278,0.24,1.000,6.947,28.39
2016-04-22,17:06:01,337.9,2.98,514.8,278,0.24,1.000,6.936,28.64
2016-04-22,17:06:03,339.1,3.00,514.7,277,0.24,1.000,6.740,28.39
2016-04-22,17:06:05,340.5,3.00,514.8,278,0.24,1.000,6.554,28.64
2016-04-22,17:06:07,342.0,3.01,514.9,278,0.24,1.000,6.406,28.39
2016-04-22,17:06:09,343.0,3.01,514.8,278,0.24,1.000,6.343,28.64
2016-04-22,17:06:11,343.6,3.02,514.6,277,0.24,1.000,6.343,28.64
2016-04-22,17:06:13,344.2,3.03,514.7,277,0.24,1.000,6.376,28.39
2016-04-22,17:06:15,345.0,3.04,514.9,278,0.24,1.000,6.412,28.39
2016-04-22,17:06:17,344.8,3.03,514.8,278,0.24,1.000,6.451,28.39
2016-04-22,17:06:19,344.5,3.03,514.7,277,0.24,1.000,6.546,28.64
2016-04-22,17:06:21,344.5,3.05,514.5,277,0.24,1.000,6.771,28.64
2016-04-22,17:06:23,345.3,3.07,514.5,277,0.24,1.000,6.960,28.64
2016-04-22,17:06:25,346.2,3.05,514.5,277,0.24,1.000,7.126,28.64
2016-04-22,17:06:27,347.1,3.04,514.7,277,0.24,1.000,7.126,28.64
2016-04-22,17:06:29,348.1,3.07,514.7,277,0.24,1.000,7.108,28.64
2016-04-22,17:06:31,349.9,3.09,514.7,277,0.24,1.000,7.086,28.39
2016-04-22,17:06:33,351.6,3.08,514.7,277,0.24,1.000,7.058,28.39
2016-04-22,17:06:35,351.6,3.08,514.7,277,0.24,1.000,6.993,28.64
2016-04-22,17:06:37,353.0,3.08,514.8,278,0.24,1.000,6.778,28.64
2016-04-22,17:06:39,353.7,3.06,515.0,278,0.24,1.000,6.586,28.39
2016-04-22,17:06:41,354.4,3.06,515.2,278,0.24,1.000,6.423,28.39
2016-04-22,17:06:43,355.2,3.05,515.4,278,0.24,1.000,6.415,28.64
2016-04-22,17:06:45,355.2,3.06,515.5,278,0.24,1.000,6.443,28.64
2016-04-22,17:06:47,355.0,3.07,515.6,278,0.24,1.000,6.470,28.64
2016-04-22,17:06:49,354.8,3.11,515.9,278,0.24,1.000,6.509,28.39
2016-04-22,17:06:51,355.5,3.08,516.2,278,0.24,1.000,6.616,28.64
2016-04-22,17:06:53,356.4,3.09,516.5,278,0.25,1.000,6.828,28.39
2016-04-22,17:06:55,357.3,3.11,516.7,279,0.25,1.000,7.011,28.64
2016-04-22,17:06:57,358.1,3.11,516.8,279,0.25,1.000,7.169,28.64
2016-04-22,17:06:59,359.1,3.05,517.0,279,0.25,1.000,7.169,28.64
2016-04-22,17:07:01,361.3,3.07,517.3,279,0.25,1.000,7.160,28.64
2016-04-22,17:07:03,362.7,3.06,517.4,279,0.25,1.000,7.136,28.39
2016-04-22,17:07:05,363.6,3.08,517.5,279,0.25,1.000,7.114,28.39
2016-04-22,17:07:07,364.3,3.07,517.6,279,0.25,1.000,7.084,28.64
2016-04-22,17:07:09,365.1,3.09,517.4,279,0.25,1.000,7.041,28.64
2016-04-22,17:07:11,365.8,3.12,517.4,279,0.25,1.000,6.836,28.39
2016-04-22,17:07:13,366.6,3.13,517.6,279,0.25,1.000,6.644,28.64
2016-04-22,17:07:15,366.0,3.13,517.6,279,0.25,1.000,6.475,28.39
2016-04-22,17:07:17,365.7,3.13,517.6,279,0.25,1.000,6.433,28.64
2016-04-22,17:07:20,366.1,3.13,517.6,279,0.25,1.000,6.454,28.39
2016-04-22,17:07:22,366.7,3.13,517.6,279,0.25,1.000,6.483,28.64
2016-04-22,17:07:24,366.7,3.12,517.5,279,0.25,1.000,6.513,28.64
2016-04-22,17:07:26,367.6,3.12,517.5,279,0.25,1.000,6.549,28.64
2016-04-22,17:07:28,368.1,3.11,517.6,279,0.25,1.000,6.737,28.39
2016-04-22,17:07:30,369.0,3.13,517.5,279,0.25,1.000,6.931,28.64
2016-04-22,17:07:32,370.7,3.14,517.5,279,0.25,1.000,7.102,28.39
2016-04-22,17:07:34,372.2,3.15,517.3,279,0.25,1.000,7.184,28.64
2016-04-22,17:07:36,373.7,3.18,517.1,279,0.25,1.000,7.172,28.39
2016-04-22,17:07:38,374.3,3.15,517.2,279,0.25,1.000,7.152,28.64
2016-04-22,17:07:40,374.9,3.17,517.3,279,0.25,1.000,7.130,28.39
2016-04-22,17:07:42,375.5,3.16,517.3,279,0.25,1.000,7.103,28.15
2016-04-22,17:07:44,376.2,3.17,517.5,279,0.25,1.000,7.003,28.39
2016-04-22,17:07:46,377.0,3.14,517.4,279,0.25,1.000,6.823,28.64
2016-04-22,17:07:48,376.5,3.15,517.5,279,0.25,1.000,6.823,28.64
2016-04-22,17:07:50,376.4,3.15,517.9,279,0.25,1.000,6.656,28.39
2016-04-22,17:07:52,376.5,3.17,518.1,279,0.25,1.000,6.517,28.39
2016-04-22,17:07:54,377.1,3.19,518.3,279,0.25,1.000,6.461,28.64
2016-04-22,17:07:56,377.9,3.17,518.5,280,0.25,1.000,6.481,28.64
2016-04-22,17:07:58,378.2,3.18,518.5,280,0.25,1.000,6.501,28.64
2016-04-22,17:08:00,379.0,3.17,518.7,280,0.25,1.000,6.527,28.39
2016-04-22,17:08:02,379.9,3.17,519.1,280,0.25,1.000,6.553,28.64
2016-04-22,17:08:04,381.2,3.18,519.4,280,0.25,1.000,6.646,28.64
2016-04-22,17:08:06,382.7,3.17,519.4,280,0.25,1.000,6.819,28.64
2016-04-22,17:08:08,384.0,3.17,519.6,280,0.25,1.000,6.987,28.64
2016-04-22,17:08:10,384.9,3.16,519.7,280,0.25,1.000,7.139,28.39
2016-04-22,17:08:12,384.9,3.16,519.9,280,0.25,1.000,7.290,28.39
2016-04-22,17:08:14,385.3,3.18,520.2,280,0.25,1.000,7.408,28.64
2016-04-22,17:08:16,386.1,3.20,520.5,281,0.25,1.000,7.513,28.39
2016-04-22,17:08:18,386.6,3.20,520.8,281,0.25,1.000,7.594,28.39
2016-04-22,17:08:20,386.8,3.17,520.9,281,0.25,1.000,7.671,28.64
2016-04-22,17:08:22,386.4,3.20,520.9,281,0.25,1.000,7.587,28.39
2016-04-22,17:08:24,386.2,3.21,521.0,281,0.25,1.000,7.477,28.39
2016-04-22,17:08:26,386.3,3.19,521.3,281,0.25,1.000,7.389,28.39
2016-04-22,17:08:28,386.4,3.19,521.5,281,0.25,1.000,7.320,28.39
2016-04-22,17:08:30,386.8,3.20,521.6,281,0.25,1.000,7.256,28.39
2016-04-22,17:08:32,387.0,3.19,521.6,281,0.25,1.000,7.202,28.39
2016-04-22,17:08:34,387.1,3.18,521.5,281,0.25,1.000,7.156,28.64
2016-04-22,17:08:36,387.9,3.18,521.5,281,0.25,1.000,7.156,28.64
2016-04-22,17:08:38,389.1,3.19,521.7,281,0.25,1.000,7.117,28.39
2016-04-22,17:08:40,389.9,3.21,¹7,281,0.25,1.000,7.117,28.39
2016-04-22,17:08:42,390.8,3.18,b‚r’ªbŠr‚‚‚j,7.249,28.64
2016-04-22,17:08:44,392.4,3.18,b‚r’ªbŠr‚‚‚j,7.424,28.64
2016-04-22,17:08:46,392.4,3.19,Á‚j,7.424,28.64
2016-04-22,17:08:48,393.5,3.21,Á‚j,7.553,28.64
2016-04-22,17:08:50,393.5,3.21,522.2,282,0.25,1.000,7.663,28.15
2016-04-22,17:08:52,394.3,3.21,522.5,282,0.25,1.000,7.663,28.15
2016-04-22,17:08:54,395.1,3.20,522.5,282,0.25,1.000,7.745,28.39
2016-04-22,17:08:56,395.1,3.20,522.6,282,0.25,1.000,7.820,28.39
2016-04-22,17:08:58,394.9,3.18,522.6,282,0.25,1.000,7.820,28.39
2016-04-22,17:09:00,395.2,3.17,522.6,282,0.25,1.000,7.840,28.39
2016-04-22,17:09:02,395.2,3.17,522.7,282,0.25,1.000,7.681,28.39
2016-04-22,17:09:04,395.3,3.18,522.6,282,0.25,1.000,7.681,28.39
2016-04-22,17:09:06,395.7,3.18,522.6,282,0.25,1.000,7.534,28.64
2016-04-22,17:09:08,395.7,3.18,522.3,282,0.25,1.000,7.414,28.64
2016-04-22,17:09:10,396.7,3.17,522.3,282,0.25,1.000,7.414,28.64
2016-04-22,17:09:12,396.7,3.17,522.0,281,0.25,1.000,7.313,28.39
2016-04-22,17:09:14,398.2,3.15,522.1,281,0.25,1.000,7.313,28.39
2016-04-22,17:09:16,400.0,3.15,522.1,281,0.25,1.000,7.238,28.39
2016-04-22,17:09:18,400.0,3.15,521.9,281,0.25,1.000,7.176,28.39
2016-04-22,17:09:20,401.4,3.12,521.7,281,0.25,1.000,7.176,28.39
2016-04-22,17:09:22,402.6,3.10,521.7,281,0.25,1.000,7.263,28.39
2016-04-22,17:09:24,402.6,3.10,521.7,281,0.25,1.000,7.429,28.39
2016-04-22,17:09:26,403.6,3.11,521.8,281,0.25,1.000,7.429,28.39
2016-04-22,17:09:28,403.8,3.11,521.8,281,0.25,1.000,7.578,28.39
2016-04-22,17:09:30,403.8,3.11,521.9,281,0.25,1.000,7.693,28.39
2016-04-22,17:09:32,404.0,3.08,521.9,281,0.25,1.000,7.693,28.39
2016-04-22,17:09:34,404.0,3.08,521.8,281,0.25,1.000,7.788,28.39
2016-04-22,17:09:36,403.9,3.07,522.2,282,0.25,1.000,7.788,28.39
2016-04-22,17:09:38,404.4,3.08,522.2,282,0.25,1.000,7.860,28.39
2016-04-22,17:09:40,404.4,3.08,522.5,282,0.25,1.000,7.791,28.39
2016-04-22,17:09:42,405.1,3.05,522.7,282,0.25,1.000,7.791,28.39
2016-04-22,17:09:44,405.8,3.03,522.7,282,0.25,1.000,7.628,28.64
2016-04-22,17:09:46,405.8,3.03,522.7,282,0.25,1.000,7.494,28.39
2016-04-22,17:09:48,407.4,3.05,522.9,282,0.25,1.000,7.494,28.39
2016-04-22,17:09:50,408.7,3.04,522.9,282,0.25,1.000,7.390,28.39
2016-04-22,17:09:52,408.7,3.04,523.2,282,0.25,1.000,7.307,28.39
2016-04-22,17:09:54,410.1,3.04,523.1,282,0.25,1.000,7.307,28.39
2016-04-22,17:09:56,411.5,3.04,523.1,282,0.25,1.000,7.241,28.64
2016-04-22,17:09:58,411.5,3.02,522.9,282,0.25,1.000,7.241,28.64
2016-04-22,17:10:00,412.8,2.99,522.9,282,0.25,1.000,7.183,28.39
2016-04-22,17:10:02,412.8,2.99,523.0,282,0.25,1.000,7.229,28.64
2016-04-22,17:10:04,413.1,3.02,522.8,282,0.25,1.000,7.229,28.64
2016-04-22,17:10:06,413.2,3.00,522.8,282,0.25,1.000,7.381,28.39
2016-04-22,17:10:08,413.2,3.00,522.6,282,0.25,1.000,7.530,28.39
2016-04-22,17:10:10,413.3,2.98,522.1,281,0.25,1.000,7.530,28.39
2016-04-22,17:10:12,þ,3.00,522.1,281,0.25,1.000,7.636,28.39
2016-04-22,17:10:14,j,3.00,522.0,281,0.25,1.000,7.726,28.39
2016-04-22,17:10:17,j,2.99,522.0,281,0.25,1.000,7.726,28.39
2016-04-22,17:10:19,Sø,3.00,522.0,281,0.25,1.000,7.803,28.15
2016-04-22,17:10:21,Ñ,3.00,521.8,281,0.25,1.000,7.861,28.39
2016-04-22,17:10:23,éj,3.00,521.7,281,0.25,1.000,7.830,28.15
2016-04-22,17:10:25,éj,2.96,521.9,281,0.25,1.000,7.830,28.15
2016-04-22,17:10:27,¹’j,2.96,521.9,281,0.25,1.000,7.668,28.15
2016-04-22,17:10:29,r.3,2.98,521.8,281,0.25,1.000,7.525,28.39
2016-04-22,17:10:31,É‚rŠj,2.98,522.0,281,0.25,1.000,7.445,28.39
2016-04-22,17:10:34,É‚rŠj,2.98,521.9,281,0.25,1.000,7.445,28.39
2016-04-22,17:10:36,422.0,2.97,521.9,281,0.25,1.000,r,28.39
2016-04-22,17:10:37,422.7,2.97,522.0,281,0.25,1.000,Lºj,28.15
2016-04-22,17:10:40,423.3,2.96,521.9,281,0.25,1.000,7.215,28.15
2016-04-22,17:10:42,423.5,2.95,521.9,281,0.25,1.000,7.169,28.15
2016-04-22,17:10:44,424.4,2.95,521.8,281,0.25,1.000,7.144,28.39
2016-04-22,17:10:46,424.9,2.94,521.7,281,0.25,1.000,7.133,28.15
2016-04-22,17:10:48,425.2,2.93,521.7,281,0.25,1.000,7.133,28.15
2016-04-22,17:10:50,425.8,2.96,521.8,281,0.25,1.000,7.129,28.15
2016-04-22,17:10:52,426.6,2.94,521.7,281,0.25,1.000,7.111,28.39
2016-04-22,17:10:54,427.2,2.93,521.7,281,0.25,1.000,7.099,28.39
2016-04-22,17:10:56,427.8,2.94,521.3,281,0.25,1.000,7.092,28.39
2016-04-22,17:10:58,428.3,2.93,521.3,281,0.25,1.000,7.078,28.39
2016-04-22,17:11:00,429.0,2.93,521.3,281,0.25,1.000,7.059,28.15
2016-04-22,17:11:02,429.6,2.95,521.3,281,0.25,1.000,7.046,28.15
2016-04-22,17:11:04,430.3,2.91,521.3,281,0.25,1.000,7.031,28.39
2016-04-22,17:11:06,430.8,2.90,521.2,281,0.25,1.000,7.015,28.15
2016-04-22,17:11:08,431.5,2.92,521.0,281,0.25,1.000,6.979,28.39
2016-04-22,17:11:10,432.0,2.91,520.9,281,0.25,1.000,6.940,28.39
2016-04-22,17:11:12,432.5,2.90,521.0,281,0.25,1.000,6.902,28.15
2016-04-22,17:11:14,432.8,2.89,521.0,281,0.25,1.000,6.867,28.39
2016-04-22,17:11:16,433.5,2.95,520.9,281,0.25,1.000,6.843,28.15
2016-04-22,17:11:18,433.7,2.87,520.9,281,0.25,1.000,6.822,28.15
2016-04-22,17:11:20,433.6,2.89,520.9,281,0.25,1.000,6.815,28.15
2016-04-22,17:11:22,434.2,2.88,520.9,281,0.25,1.000,6.806,28.15
2016-04-22,17:11:24,434.4,2.88,521.0,281,0.25,1.000,6.796,28.15
2016-04-22,17:11:26,435.0,2.91,521.0,281,0.25,1.000,6.790,28.15
2016-04-22,17:11:28,435.0,2.90,521.0,281,0.25,1.000,6.789,28.15
2016-04-22,17:11:30,435.9,2.86,521.0,281,0.25,1.000,6.812,28.15
2016-04-22,17:11:32,436.5,2.87,520.7,281,0.25,1.000,6.840,28.39
2016-04-22,17:11:34,437.1,2.83,520.6,281,0.25,1.000,6.862,28.15
2016-04-22,17:11:36,437.7,2.85,520.8,281,0.25,1.000,6.872,28.15
2016-04-22,17:11:38,438.2,2.88,520.8,281,0.25,1.000,6.880,28.39
2016-04-22,17:11:40,438.7,2.88,520.8,281,0.25,1.000,6.881,28.15
2016-04-22,17:11:42,439.2,2.87,520.7,281,0.25,1.000,6.880,28.15
2016-04-22,17:11:44,439.3,2.89,520.3,281,0.25,1.000,6.879,28.39
2016-04-22,17:11:46,439.9,2.89,520.2,280,0.25,1.000,6.877,28.15
2016-04-22,17:11:48,440.5,2.90,520.2,280,0.25,1.000,6.872,28.15
2016-04-22,17:11:50,441.1,2.89,520.2,280,0.25,1.000,6.845,28.15
2016-04-22,17:11:52,441.2,2.88,520.1,280,0.25,1.000,6.809,28.15
2016-04-22,17:11:54,441.5,2.93,520.0,280,0.25,1.000,6.783,28.15
2016-04-22,17:11:56,442.0,2.91,519.7,280,0.25,1.000,6.759,28.15
2016-04-22,17:11:58,442.4,2.91,519.6,280,0.25,1.000,6.744,28.15
2016-04-22,17:12:00,442.6,2.91,519.6,280,0.25,1.000,6.734,28.39
2016-04-22,17:12:02,443.2,2.92,519.5,280,0.25,1.000,6.729,28.15
2016-04-22,17:12:04,443.5,2.92,519.3,280,0.25,1.000,6.724,28.15
2016-04-22,17:12:06,443.9,2.95,519.2,280,0.25,1.000,6.725,28.15
2016-04-22,17:12:08,444.3,2.94,518.9,280,0.25,1.000,6.727,28.39
2016-04-22,17:12:10,444.9,2.93,518.7,280,0.25,1.000,6.739,28.15
2016-04-22,17:12:12,445.3,2.94,518.8,280,0.25,1.000,6.763,28.15
2016-04-22,17:12:14,445.7,2.97,518.8,280,0.25,1.000,6.791,28.15
2016-04-22,17:12:16,446.1,2.96,518.7,280,0.25,1.000,6.813,28.15
2016-04-22,17:12:18,446.8,2.95,518.5,280,0.25,1.000,6.828,28.39
2016-04-22,17:12:20,447.1,2.94,518.2,279,0.25,1.000,6.837,28.15
2016-04-22,17:12:22,447.7,2.93,518.1,279,0.25,1.000,6.841,28.15
2016-04-22,17:12:24,448.3,2.95,518.3,279,0.25,1.000,6.846,28.15
2016-04-22,17:12:26,448.7,2.97,518.3,279,0.25,1.000,6.845,28.15
2016-04-22,17:12:28,448.7,2.95,518.3,279,0.25,1.000,6.841,28.39
2016-04-22,17:12:30,449.4,2.94,518.3,279,0.25,1.000,6.836,28.15
2016-04-22,17:12:32,449.4,2.95,518.1,279,0.25,1.000,6.828,28.39
2016-04-22,17:12:34,449.7,2.95,518.2,279,0.25,1.000,6.803,28.39
2016-04-22,17:12:36,450.0,2.94,518.3,279,0.25,1.000,6.767,28.15
2016-04-22,17:12:38,450.3,2.96,518.3,279,0.25,1.000,6.742,28.39
2016-04-22,17:12:40,450.9,2.94,518.2,279,0.25,1.000,6.725,28.15
2016-04-22,17:12:42,451.1,2.96,518.1,279,0.25,1.000,6.712,28.15
2016-04-22,17:12:44,451.7,2.96,518.0,279,0.25,1.000,6.706,28.15
2016-04-22,17:12:46,452.6,2.95,517.9,279,0.25,1.000,6.702,28.15
2016-04-22,17:12:48,452.7,2.95,518.1,279,0.25,1.000,6.701,28.39
2016-04-22,17:12:50,453.3,2.98,518.1,279,0.25,1.000,6.701,28.39
2016-04-22,17:12:52,453.7,3.00,518.1,279,0.25,1.000,6.700,28.15
2016-04-22,17:12:54,454.4,3.01,518.1,279,0.25,1.000,6.718,28.39
2016-04-22,17:12:56,454.6,2.98,517.9,279,0.25,1.000,6.736,28.15
2016-04-22,17:12:58,454.9,2.96,517.8,279,0.25,1.000,6.766,28.39
2016-04-22,17:13:00,455.3,2.99,517.9,279,0.25,1.000,6.782,28.15
2016-04-22,17:13:02,455.8,2.99,517.9,279,0.25,1.000,6.790,28.15
2016-04-22,17:13:04,456.8,2.97,517.8,279,0.25,1.000,6.799,28.15
2016-04-22,17:13:06,457.3,2.98,517.8,279,0.25,1.000,6.798,28.15
2016-04-22,17:13:08,458.2,3.00,517.5,279,0.25,1.000,6.801,28.15
2016-04-22,17:13:10,459.2,3.01,517.5,279,0.25,1.000,6.798,28.39
2016-04-22,17:13:12,459.6,3.01,517.6,279,0.25,1.000,6.796,28.15
2016-04-22,17:13:14,460.6,3.01,517.5,279,0.25,1.000,6.793,28.15
2016-04-22,17:13:16,460.9,3.01,517.4,279,0.25,1.000,6.774,28.15
2016-04-22,17:13:18,461.9,2.98,517.4,279,0.25,1.000,6.747,28.15
2016-04-22,17:13:20,461.5,3.00,517.3,279,0.25,1.000,6.735,28.39
2016-04-22,17:13:22,461.9,3.00,517.3,279,0.25,1.000,6.710,28.15
2016-04-22,17:13:24,462.2,2.99,517.3,279,0.25,1.000,6.690,28.39
2016-04-22,17:13:26,462.4,2.97,517.1,279,0.25,1.000,6.683,28.15
2016-04-22,17:13:28,462.5,3.00,517.1,279,0.25,1.000,6.679,28.15
2016-04-22,17:13:30,462.5,3.01,517.1,279,0.25,1.000,6.672,28.15
2016-04-22,17:13:32,462.7,3.02,516.9,279,0.25,1.000,6.670,28.15
2016-04-22,17:13:34,463.2,3.01,516.8,279,0.25,1.000,6.666,28.15
2016-04-22,17:13:36,463.0,3.08,517.0,279,0.25,1.000,6.671,28.39
2016-04-22,17:13:38,463.3,3.02,517.0,279,0.25,1.000,6.669,28.15
2016-04-22,17:13:40,464.4,3.04,516.9,279,0.25,1.000,6.670,28.15
2016-04-22,17:13:42,464.8,3.05,516.8,279,0.25,1.000,6.622,28.39
2016-04-22,17:13:44,465.0,3.01,516.8,279,0.25,1.000,6.533,28.15
2016-04-22,17:13:46,466.1,3.00,516.8,279,0.25,1.000,6.491,28.15
2016-04-22,17:13:48,466.5,3.01,516.9,279,0.25,1.000,6.403,28.15
2016-04-22,17:13:50,467.0,3.06,516.9,279,0.25,1.000,6.333,28.15
2016-04-22,17:13:52,467.3,3.02,516.9,279,0.25,1.000,6.254,28.15
2016-04-22,17:13:54,468.2,3.05,516.9,279,0.25,1.000,6.191,28.39
2016-04-22,17:13:56,468.6,3.04,516.7,279,0.25,1.000,6.132,28.39
2016-04-22,17:13:58,468.5,3.06,516.7,279,0.25,1.000,6.075,28.15
2016-04-22,17:14:00,468.4,3.08,516.9,279,0.25,1.000,6.024,28.39
2016-04-22,17:14:02,468.7,3.05,516.9,279,0.25,1.000,5.981,28.39
2016-04-22,17:14:04,468.6,3.04,516.8,279,0.25,1.000,5.932,28.15
2016-04-22,17:14:06,468.3,3.06,516.7,279,0.25,1.000,5.883,28.39
2016-04-22,17:14:08,468.9,3.07,516.6,279,0.25,1.000,5.857,28.15
2016-04-22,17:14:10,468.8,3.03,516.6,279,0.25,1.000,5.887,28.39
2016-04-22,17:14:12,469.0,3.06,516.6,279,0.25,1.000,5.939,28.15
2016-04-22,17:14:14,470.0,3.08,516.6,279,0.25,1.000,5.994,28.15
2016-04-22,17:14:16,470.5,3.09,516.7,279,0.25,1.000,6.044,28.15
2016-04-22,17:14:18,471.3,3.06,516.7,279,0.25,1.000,6.104,28.15
2016-04-22,17:14:20,471.2,3.08,ML“Éb’ºÂb‚r’ªbŠr‚‚‚j,6.159,28.15
2016-04-22,17:14:22,471.7,3.11,¦b‚r’ªbŠr‚‚‚j,6.207,28.15
2016-04-22,17:14:24,472.0,3.08,Å.000,6.244,28.15
2016-04-22,17:14:26,472.7,3.08,00,6.269,28.15
2016-04-22,17:14:28,473.2,3.11,516.5,278,0.25,1.000,6.312,28.15
2016-04-22,17:14:30,473.0,3.09,516.6,278,0.25,1.000,6.352,28.15
2016-04-22,17:14:32,473.2,3.10,516.4,278,0.24,1.000,6.387,28.15
2016-04-22,17:14:34,472.9,3.07,516.3,278,0.24,1.000,6.345,28.15
2016-04-22,17:14:36,473.3,3.07,516.3,278,0.24,1.000,6.276,28.15
2016-04-22,17:14:38,473.4,3.07,516.4,278,0.24,1.000,6.214,28.15
2016-04-22,17:14:40,473.0,3.07,516.4,278,0.24,1.000,6.156,28.15
2016-04-22,17:14:42,473.3,3.07,516.3,278,0.24,1.000,6.100,28.15
2016-04-22,17:14:44,473.2,3.04,516.1,278,0.24,1.000,6.055,28.15
2016-04-22,17:14:46,473.0,3.04,516.0,278,0.24,1.000,6.013,28.15
2016-04-22,17:14:48,473.5,3.05,516.1,278,0.24,1.000,5.970,28.15
2016-04-22,17:14:50,474.4,3.05,516.1,278,0.24,1.000,5.926,28.15
2016-04-22,17:14:52,475.0,3.03,516.1,278,0.24,1.000,5.883,28.15
2016-04-22,17:14:54,475.0,3.06,516.0,278,0.24,1.000,5.842,28.15
2016-04-22,17:14:56,475.6,3.04,515.9,278,0.24,1.000,5.804,28.15
2016-04-22,17:14:58,475.9,3.03,515.9,278,0.24,1.000,5.804,28.15
2016-04-22,17:15:00,476.2,3.02,516.0,278,0.24,1.000,5.773,28.15
2016-04-22,17:15:02,476.2,3.03,516.0,278,0.24,1.000,5.781,28.15
2016-04-22,17:15:04,476.9,3.00,516.0,278,0.24,1.000,5.840,28.15
2016-04-22,17:15:06,477.3,3.00,515.7,278,0.24,1.000,5.907,28.15
2016-04-22,17:15:08,477.1,3.00,515.7,278,0.24,1.000,5.972,28.15
2016-04-22,17:15:10,476.9,3.02,515.7,278,0.24,1.000,6.028,28.15
2016-04-22,17:15:12,476.7,3.01,515.8,278,0.24,1.000,6.080,28.15
2016-04-22,17:15:14,476.7,3.03,515.8,278,0.24,1.000,6.135,28.15
2016-04-22,17:15:16,476.0,3.03,515.7,278,0.24,1.000,6.180,28.15
2016-04-22,17:15:18,475.4,3.01,515.6,278,0.24,1.000,6.224,28.15
2016-04-22,17:15:20,474.8,3.01,515.5,278,0.24,1.000,6.268,28.15
2016-04-22,17:15:22,474.4,2.97,515.5,278,0.24,1.000,6.311,28.15
2016-04-22,17:15:24,474.1,2.97,515.5,278,0.24,1.000,6.351,28.15
2016-04-22,17:15:26,474.5,2.98,515.5,278,0.24,1.000,6.346,28.15
2016-04-22,17:15:28,474.7,2.98,515.6,278,0.24,1.000,6.275,28.39
2016-04-22,17:15:30,474.3,2.98,515.4,278,0.24,1.000,6.212,28.39
2016-04-22,17:15:32,475.3,2.98,515.4,278,0.24,1.000,6.148,28.15
2016-04-22,17:15:34,475.7,2.98,515.4,278,0.24,1.000,6.098,28.15
2016-04-22,17:15:36,476.6,2.96,515.5,278,0.24,1.000,6.050,28.15
2016-04-22,17:15:38,477.2,2.98,515.5,278,0.24,1.000,6.004,28.15
2016-04-22,17:15:40,477.8,2.95,515.4,278,0.24,1.000,5.967,28.15
2016-04-22,17:15:42,477.8,2.96,515.3,278,0.24,1.000,5.922,28.39
2016-04-22,17:15:44,477.3,2.95,515.3,278,0.24,1.000,5.875,28.15
2016-04-22,17:15:46,477.3,2.91,515.4,278,0.24,1.000,5.875,28.15
2016-04-22,17:15:48,477.6,2.92,515.4,278,0.24,1.000,5.836,28.15
2016-04-22,17:15:50,477.4,2.91,515.4,278,0.24,1.000,5.802,28.15
2016-04-22,17:15:52,476.7,2.92,515.3,278,0.24,1.000,5.768,28.15
2016-04-22,17:15:54,476.0,2.93,515.1,278,0.24,1.000,5.799,28.39
2016-04-22,17:15:56,475.9,2.92,515.0,278,0.24,1.000,5.869,28.15
2016-04-22,17:15:58,475.9,2.95,515.0,278,0.24,1.000,5.925,28.15
2016-04-22,17:16:00,476.0,2.94,515.2,278,0.24,1.000,5.982,28.15
2016-04-22,17:16:02,476.2,2.91,515.1,278,0.24,1.000,6.046,28.15
2016-04-22,17:16:04,476.1,2.91,514.8,278,0.24,1.000,6.109,28.15
2016-04-22,17:16:06,476.5,2.91,514.8,278,0.24,1.000,6.161,28.15
2016-04-22,17:16:08,476.9,2.91,515.0,278,0.24,1.000,6.211,28.15
2016-04-22,17:16:10,477.7,2.89,515.0,278,0.24,1.000,6.254,28.15
2016-04-22,17:16:12,478.8,2.91,515.2,278,0.24,1.000,6.291,28.15
2016-04-22,17:16:14,479.5,2.91,515.2,278,0.24,1.000,6.329,28.15
2016-04-22,17:16:16,479.8,2.90,515.2,278,0.24,1.000,6.363,28.15
2016-04-22,17:16:18,479.6,2.88,515.0,278,0.24,1.000,6.367,28.15
2016-04-22,17:16:20,479.7,2.90,514.9,278,0.24,1.000,6.299,28.15
2016-04-22,17:16:22,479.8,2.91,515.0,278,0.24,1.000,6.229,28.15
2016-04-22,17:16:24,479.9,2.91,515.0,278,0.24,1.000,6.163,28.15
2016-04-22,17:16:26,479.0,2.91,515.0,278,0.24,1.000,6.101,28.15
2016-04-22,17:16:28,478.4,2.88,514.9,278,0.24,1.000,6.053,28.15
2016-04-22,17:16:30,478.4,2.88,514.8,278,0.24,1.000,6.007,28.39
2016-04-22,17:16:32,478.3,2.88,514.8,278,0.24,1.000,5.959,28.39
2016-04-22,17:16:34,477.9,2.88,515.0,278,0.24,1.000,5.959,28.39
2016-04-22,17:16:36,478.3,2.86,515.0,278,0.24,1.000,5.909,28.15
2016-04-22,17:16:38,478.6,2.88,514.9,278,0.24,1.000,5.865,28.39
2016-04-22,17:16:40,478.8,2.86,514.9,278,0.24,1.000,5.824,28.39
2016-04-22,17:16:42,479.8,2.85,514.8,278,0.24,1.000,5.790,28.39
2016-04-22,17:16:44,480.9,2.85,514.7,277,0.24,1.000,5.826,28.39
2016-04-22,17:16:46,481.4,2.86,514.9,278,0.24,1.000,5.888,28.39
2016-04-22,17:16:48,481.6,2.83,514.9,278,0.24,1.000,5.948,28.15
2016-04-22,17:16:50,481.9,2.82,514.9,278,0.24,1.000,6.008,28.39
2016-04-22,17:16:52,482.1,2.83,514.9,278,0.24,1.000,6.060,28.39
2016-04-22,17:16:54,481.9,2.83,514.8,277,0.24,1.000,6.114,28.39
2016-04-22,17:16:56,481.2,2.83,514.7,277,0.24,1.000,6.162,28.15
2016-04-22,17:16:58,480.9,2.80,514.7,277,0.24,1.000,6.244,28.39
2016-04-22,17:17:00,480.2,2.80,514.7,277,0.24,1.000,6.423,28.15
2016-04-22,17:17:02,480.1,2.81,514.6,277,0.24,1.000,6.598,28.39
2016-04-22,17:17:04,480.0,2.83,514.7,277,0.24,1.000,6.746,28.39
2016-04-22,17:17:06,480.4,2.83,514.7,277,0.24,1.000,6.891,28.39
2016-04-22,17:17:08,480.6,2.83,514.6,277,0.24,1.000,6.956,28.15
2016-04-22,17:17:10,482.1,2.83,514.6,277,0.24,1.000,6.955,28.39
2016-04-22,17:17:12,482.4,2.79,514.7,277,0.24,1.000,6.954,27.90
2016-04-22,17:17:14,483.1,2.77,514.7,277,0.24,1.000,6.946,28.39
2016-04-22,17:17:16,483.4,2.79,514.6,277,0.24,1.000,6.940,28.39
2016-04-22,17:17:18,483.4,2.77,514.3,277,0.24,1.000,6.936,28.15
2016-04-22,17:17:20,483.6,2.74,514.4,277,0.24,1.000,6.927,28.15
2016-04-22,17:17:22,483.7,2.75,514.6,277,0.24,1.000,6.863,28.39
2016-04-22,17:17:24,483.7,2.81,514.5,277,0.24,1.000,6.863,28.39
2016-04-22,17:17:26,483.2,2.80,514.5,277,0.24,1.000,6.772,28.39
2016-04-22,17:17:28,482.7,2.84,514.3,277,0.24,1.000,6.688,28.39
2016-04-22,17:17:30,482.2,2.85,514.1,277,0.24,1.000,6.593,28.64
2016-04-22,17:17:32,481.8,2.87,514.4,277,0.24,1.000,6.500,28.15
2016-04-22,17:17:34,481.7,2.86,514.5,277,0.24,1.000,6.425,28.15
2016-04-22,17:17:36,481.2,2.87,514.4,277,0.24,1.000,6.343,28.39
2016-04-22,17:17:38,480.9,2.85,514.4,277,0.24,1.000,6.357,28.39
2016-04-22,17:17:40,481.3,2.79,514.4,277,0.24,1.000,6.379,28.39
2016-04-22,17:17:42,480.4,2.81,514.4,277,0.24,1.000,6.400,28.39
2016-04-22,17:17:44,481.4,2.80,514.2,277,0.24,1.000,6.421,28.15
2016-04-22,17:17:46,481.9,2.81,514.2,277,0.24,1.000,6.443,28.39
2016-04-22,17:17:48,482.4,2.81,514.4,277,0.24,1.000,6.462,28.39
2016-04-22,17:17:50,482.9,2.83,514.4,277,0.24,1.000,6.481,28.39
2016-04-22,17:17:52,483.2,2.86,514.4,277,0.24,1.000,6.533,28.15
2016-04-22,17:17:54,483.7,2.88,514.3,277,0.24,1.000,6.652,28.39
2016-04-22,17:17:56,483.9,2.86,514.2,277,0.24,1.000,6.758,28.39
2016-04-22,17:17:58,484.4,2.87,514.3,277,0.24,1.000,6.859,28.15
2016-04-22,17:18:00,484.2,2.84,514.3,277,0.24,1.000,6.962,28.39
2016-04-22,17:18:02,483.9,2.83,514.2,277,0.24,1.000,7.057,28.15
2016-04-22,17:18:04,483.5,2.81,514.2,277,0.24,1.000,7.133,28.64
2016-04-22,17:18:06,483.5,2.82,514.0,277,0.24,1.000,7.122,28.39
2016-04-22,17:18:08,483.1,2.83,514.0,277,0.24,1.000,7.111,28.39
2016-04-22,17:18:10,482.7,2.84,514.2,277,0.24,1.000,7.095,28.39
2016-04-22,17:18:12,483.0,2.82,514.3,277,0.24,1.000,7.095,28.39
2016-04-22,17:18:14,482.8,2.86,514.2,277,0.24,1.000,7.076,28.39
2016-04-22,17:18:16,482.2,2.85,514.0,277,0.24,1.000,7.055,28.39
2016-04-22,17:18:18,483.1,2.84,513.9,277,0.24,1.000,7.040,28.39
2016-04-22,17:18:20,483.8,2.87,513.3,277,0.24,1.000,6.935,28.39
2016-04-22,17:18:22,484.2,2.82,512.8,276,0.24,1.000,6.791,28.39
2016-04-22,17:18:24,485.1,2.85,513.0,277,0.24,1.000,6.657,28.64
2016-04-22,17:18:26,485.7,2.85,513.0,277,0.24,1.000,6.528,28.39
2016-04-22,17:18:28,485.8,2.90,513.0,277,0.24,1.000,6.422,28.64
2016-04-22,17:18:30,486.6,2.87,512.7,276,0.24,1.000,6.430,28.39
2016-04-22,17:18:32,486.8,2.87,512.7,276,0.24,1.000,6.446,28.39
2016-04-22,17:18:34,486.6,2.87,512.9,277,0.24,1.000,6.468,28.39
2016-04-22,17:18:36,486.8,2.88,513.0,277,0.24,1.000,6.488,28.15
2016-04-22,17:18:38,486.2,2.90,513.4,277,0.24,1.000,6.511,28.15
2016-04-22,17:18:40,486.0,2.86,513.4,277,0.24,1.000,6.536,28.39
2016-04-22,17:18:42,485.8,2.91,512.8,276,0.24,1.000,6.626,28.39
2016-04-22,17:18:44,486.0,2.85,512.6,276,0.24,1.000,6.771,28.15
2016-04-22,17:18:46,485.8,2.88,512.8,276,0.24,1.000,6.915,28.39
2016-04-22,17:18:48,485.8,2.87,513.0,277,0.24,1.000,7.043,28.39
2016-04-22,17:18:50,487.1,2.89,513.1,277,0.24,1.000,7.157,28.64
2016-04-22,17:18:52,487.7,2.91,513.1,277,0.24,1.000,7.167,28.39
2016-04-22,17:18:54,487.7,2.93,512.9,276,0.24,1.000,7.156,28.15
2016-04-22,17:18:56,488.5,2.91,512.8,276,0.24,1.000,7.145,28.39
2016-04-22,17:18:58,489.1,2.93,513.0,277,0.24,1.000,7.128,28.39
2016-04-22,17:19:00,489.3,2.94,513.0,277,0.24,1.000,7.128,28.39
2016-04-22,17:19:02,489.9,2.91,512.7,276,0.24,1.000,7.111,28.39
2016-04-22,17:19:04,490.3,2.90,512.6,276,0.24,1.000,7.099,28.39
2016-04-22,17:19:06,491.2,2.92,512.7,276,0.24,1.000,7.081,28.64
2016-04-22,17:19:08,490.6,2.89,512.9,276,0.24,1.000,7.056,28.64
2016-04-22,17:19:10,490.1,2.91,513.1,277,0.24,1.000,6.941,28.64
2016-04-22,17:19:12,489.6,2.90,513.1,277,0.24,1.000,6.832,28.39
2016-04-22,17:19:14,489.7,2.91,513.0,277,0.24,1.000,6.717,28.64
2016-04-22,17:19:16,489.9,2.93,512.8,276,0.24,1.000,6.609,28.39
2016-04-22,17:19:18,490.3,2.96,512.8,276,0.24,1.000,6.513,28.39
2016-04-22,17:19:20,490.2,2.96,512.8,276,0.24,1.000,6.443,28.39
2016-04-22,17:19:22,490.2,2.93,512.9,276,0.24,1.000,6.450,28.39
2016-04-22,17:19:24,490.6,2.94,512.9,277,0.24,1.000,6.466,28.15
2016-04-22,17:19:26,491.9,2.95,513.3,277,0.24,1.000,6.478,28.39
2016-04-22,17:19:28,492.6,2.91,513.6,277,0.24,1.000,6.500,28.39
2016-04-22,17:19:30,493.3,2.94,513.5,277,0.24,1.000,6.515,28.39
2016-04-22,17:19:32,493.7,2.93,513.8,277,0.24,1.000,6.533,28.39
2016-04-22,17:19:34,494.0,2.94,514.0,277,0.24,1.000,6.551,28.15
2016-04-22,17:19:36,494.9,2.94,513.9,277,0.24,1.000,6.651,28.39
2016-04-22,17:19:38,495.5,2.93,513.9,277,0.24,1.000,6.774,28.39
2016-04-22,17:19:40,496.5,2.94,513.8,277,0.24,1.000,6.901,28.15
2016-04-22,17:19:42,496.5,2.95,513.7,277,0.24,1.000,6.998,28.15
2016-04-22,17:19:44,496.0,2.98,513.8,277,0.24,1.000,7.087,28.39
2016-04-22,17:19:46,496.6,2.94,513.9,277,0.24,1.000,7.171,28.39
2016-04-22,17:19:48,496.9,2.96,513.9,277,0.24,1.000,7.186,28.15
2016-04-22,17:19:50,497.1,2.95,513.9,277,0.24,1.000,7.186,28.15
2016-04-22,17:19:52,497.5,2.98,513.8,277,0.24,1.000,7.175,28.39
2016-04-22,17:19:54,498.2,2.95,513.7,277,0.24,1.000,7.166,28.15
2016-04-22,17:19:56,498.0,2.93,513.9,277,0.24,1.000,7.156,28.15
2016-04-22,17:19:58,498.0,2.94,513.9,277,0.24,1.000,7.141,28.15
2016-04-22,17:20:00,498.6,2.95,514.0,277,0.24,1.000,7.124,28.39
2016-04-22,17:20:02,499.5,2.99,513.9,277,0.24,1.000,7.112,28.39
2016-04-22,17:20:04,500.2,3.01,513.7,277,0.24,1.000,7.095,28.39
2016-04-22,17:20:06,500.7,3.01,	b’ººb‚r’¢bŠr‚‚‚j,6.994,28.39
2016-04-22,17:20:09,501.3,3.01,	b’ººb‚r’¢bŠr‚‚‚j,6.768,28.15
2016-04-22,17:20:11,501.3,3.00,¢bŠr‚‚‚j,6.577,28.15
2016-04-22,17:20:13,501.7,2.98,¢bŠr‚‚‚j,6.577,28.15
2016-04-22,17:20:15,502.5,2.98,513.8,277,0.24,1.000,6.477,28.39
2016-04-22,17:20:17,502.5,3.02,513.6,277,0.24,1.000,6.477,28.39
2016-04-22,17:20:19,503.3,3.01,513.6,277,0.24,1.000,6.503,28.15
2016-04-22,17:20:21,503.1,3.01,513.8,277,0.24,1.000,6.529,28.39
2016-04-22,17:20:23,503.1,2.99,513.8,277,0.24,1.000,6.529,28.39
2016-04-22,17:20:25,503.6,2.96,513.8,277,0.24,1.000,6.554,28.39
2016-04-22,17:20:27,503.5,2.96,513.7,277,0.24,1.000,6.608,28.39
2016-04-22,17:20:29,503.5,2.93,513.5,277,0.24,1.000,6.608,28.39
2016-04-22,17:20:31,504.0,2.93,513.5,277,0.24,1.000,6.808,28.39
2016-04-22,17:20:33,504.0,2.94,513.7,277,0.24,1.000,6.981,28.39
2016-04-22,17:20:35,504.9,2.95,513.7,277,0.24,1.000,6.981,28.39
2016-04-22,17:20:37,504.2,2.95,513.7,277,0.24,1.000,7.092,28.39
2016-04-22,17:20:39,504.2,2.97,513.6,277,0.24,1.000,7.092,28.39
2016-04-22,17:20:41,505.6,2.95,513.6,277,0.24,1.000,7.198,28.39
2016-04-22,17:20:43,506.1,2.95,513.4,277,0.24,1.000,7.292,28.39
2016-04-22,17:20:45,506.1,2.93,513.6,277,0.24,1.000,7.292,28.39
2016-04-22,17:20:47,506.5,2.92,513.6,277,0.24,1.000,7.372,28.39
2016-04-22,17:20:49,507.3,2.92,513.6,277,0.24,1.000,7.440,28.39
2016-04-22,17:20:51,507.3,2.91,513.4,277,0.24,1.000,7.440,28.39
2016-04-22,17:20:53,507.6,2.91,513.4,277,0.24,1.000,7.513,28.15
2016-04-22,17:20:55,507.6,2.87,513.3,277,0.24,1.000,7.590,28.39
2016-04-22,17:20:57,507.8,2.91,513.3,277,0.24,1.000,7.590,28.39
2016-04-22,17:20:59,508.4,2.91,513.4,277,0.24,1.000,7.654,28.39
2016-04-22,17:21:01,508.4,2.91,513.4,277,0.24,1.000,7.654,28.39
2016-04-22,17:21:03,508.6,2.92,513.4,277,0.24,1.000,7.646,28.39
2016-04-22,17:21:05,508.2,2.92,513.1,277,0.24,1.000,7.543,28.39
2016-04-22,17:21:07,508.2,2.90,513.2,277,0.24,1.000,7.543,28.39
2016-04-22,17:21:09,508.7,2.90,513.2,277,0.24,1.000,7.430,28.39
2016-04-22,17:21:11,509.0,2.90,513.4,277,0.24,1.000,7.345,28.39
2016-04-22,17:21:13,509.0,2.90,513.4,277,0.24,1.000,7.345,28.39
2016-04-22,17:21:15,509.6,2.90,513.4,277,0.24,1.000,7.268,28.39
2016-04-22,17:21:17,509.6,2.90,513.3,277,0.24,1.000,7.210,28.39
2016-04-22,17:21:19,510.2,2.85,Å513.3,277,0.24,1.000,7.210,28.39
2016-04-22,17:21:21,511.2,2.85,Å513.3,277,0.24,1.000,7.169,28.15
2016-04-22,17:21:23,511.2,2.88,p513.3,277,0.24,1.000,7.134,28.15
2016-04-22,17:21:25,511.0,2.86,p513.3,277,0.24,1.000,7.134,28.15
2016-04-22,17:21:27,512.2,Âj,513.3,277,0.24,1.000,7.101,28.39
2016-04-22,17:21:30,512.2,Âj,513.0,277,0.24,1.000,7.180,28.39
2016-04-22,17:21:32,512.2,2.86,513.2,277,0.24,1.000,7.260,28.15
2016-04-22,17:21:34,511.9,2.86,513.3,277,0.24,1.000,7.341,28.15
2016-04-22,17:21:36,512.6,2.86,513.2,277,0.24,1.000,7.415,28.39
2016-04-22,17:21:38,512.6,2.89,513.0,277,0.24,1.000,7.415,28.39
2016-04-22,17:21:40,512.5,2.84,512.9,276,0.24,1.000,7.481,28.39
2016-04-22,17:21:42,512.4,2.84,513.1,277,0.24,1.000,7.552,27.90
2016-04-22,17:21:44,512.4,2.84,513.2,277,0.24,1.000,7.623,28.39
2016-04-22,17:21:46,513.0,2.84,513.4,277,0.24,1.000,7.687,28.15
2016-04-22,17:21:48,513.0,2.85,513.4,277,0.24,1.000,7.740,28.39
2016-04-22,17:21:50,513.3,2.91,513.4,277,0.24,1.000,7.784,28.15
2016-04-22,17:21:52,513.4,2.87,513.2,277,0.24,1.000,7.826,28.39
2016-04-22,17:21:54,513.9,2.87,513.2,277,0.24,1.000,7.856,28.39
2016-04-22,17:21:56,514.1,2.85,513.3,277,0.24,1.000,7.759,28.39
2016-04-22,17:21:58,514.4,2.88,513.3,277,0.24,1.000,7.649,28.39
2016-04-22,17:22:00,515.0,2.85,513.3,277,0.24,1.000,7.557,28.39
2016-04-22,17:22:02,515.1,2.84,513.3,277,0.24,1.000,7.493,28.39
2016-04-22,17:22:04,515.1,2.84,513.2,277,0.24,1.000,7.433,28.39
2016-04-22,17:22:06,515.7,2.87,513.0,277,0.24,1.000,7.378,28.15
2016-04-22,17:22:08,515.7,2.82,513.1,277,0.24,1.000,7.330,28.39
2016-04-22,17:22:10,516.6,2.82,513.2,277,0.24,1.000,7.285,28.15
2016-04-22,17:22:12,517.5,2.83,513.2,277,0.24,1.000,7.246,28.39
2016-04-22,17:22:14,517.6,2.83,513.2,277,0.24,1.000,7.212,28.39
2016-04-22,17:22:16,517.6,2.85,513.1,277,0.24,1.000,7.187,28.15
2016-04-22,17:22:18,518.3,2.84,513.0,277,0.24,1.000,7.157,28.39
2016-04-22,17:22:20,518.9,2.83,513.2,277,0.24,1.000,7.185,28.15
2016-04-22,17:22:22,519.0,2.83,513.3,277,0.24,1.000,7.259,28.39
2016-04-22,17:22:24,519.3,2.84,513.2,277,0.24,1.000,7.336,27.90
2016-04-22,17:22:26,520.5,2.85,513.2,277,0.24,1.000,7.336,27.90
2016-04-22,17:22:28,520.7,2.86,513.0,277,0.24,1.000,7.408,28.15
2016-04-22,17:22:30,520.2,2.86,513.0,277,0.24,1.000,7.474,28.15
2016-04-22,17:22:32,520.2,2.82,513.2,277,0.24,1.000,7.535,28.39
2016-04-22,17:22:34,520.4,2.87,513.2,277,0.24,1.000,7.584,28.39
2016-04-22,17:22:36,520.4,2.84,513.3,277,0.24,1.000,7.628,28.39
2016-04-22,17:22:38,520.1,2.85,513.3,277,0.24,1.000,7.674,28.39
2016-04-22,17:22:40,520.4,2.87,513.1,277,0.24,1.000,7.715,28.39
2016-04-22,17:22:42,520.7,2.81,513.0,277,0.24,1.000,7.751,28.15
2016-04-22,17:22:44,520.7,2.85,513.1,277,0.24,1.000,7.785,27.90
2016-04-22,17:22:46,520.3,2.85,513.2,277,0.24,1.000,7.817,28.39
2016-04-22,17:22:48,521.2,2.85,513.2,277,0.24,1.000,7.848,28.39
2016-04-22,17:22:50,521.8,2.83,513.2,277,0.24,1.000,7.869,28.39
2016-04-22,17:22:52,521.9,2.82,513.1,277,0.24,1.000,7.792,28.39
2016-04-22,17:22:54,522.8,2.83,512.9,277,0.24,1.000,7.711,28.15
2016-04-22,17:22:56,523.0,2.82,513.1,277,0.24,1.000,7.624,28.15
2016-04-22,17:22:58,523.8,2.81,513.1,277,0.24,1.000,7.561,28.15
2016-04-22,17:23:00,523.7,2.81,513.2,277,0.24,1.000,7.491,28.64
2016-04-22,17:23:02,523.7,2.83,512.5,276,0.24,1.000,7.435,28.15
2016-04-22,17:23:04,523.7,2.84,511.4,276,0.24,1.000,7.384,28.39
2016-04-22,17:23:06,524.0,2.84,511.5,276,0.24,1.000,7.329,28.39
2016-04-22,17:23:08,523.3,2.83,512.0,276,0.24,1.000,7.281,28.39
2016-04-22,17:23:10,523.5,2.85,512.1,276,0.24,1.000,7.244,28.15
2016-04-22,17:23:12,523.5,2.82,512.1,276,0.24,1.000,7.210,28.39
2016-04-22,17:23:14,523.2,2.80,512.0,276,0.24,1.000,7.210,28.39
2016-04-22,17:23:16,523.2,2.84,511.8,276,0.24,1.000,7.171,28.39
2016-04-22,17:23:18,523.2,2.82,511.9,276,0.24,1.000,7.147,28.39
2016-04-22,17:23:20,523.4,2.82,512.3,276,0.24,1.000,7.162,28.15
2016-04-22,17:23:22,523.3,2.80,512.3,276,0.24,1.000,7.225,28.39
2016-04-22,17:23:24,523.9,2.77,512.1,276,0.24,1.000,7.283,28.15
2016-04-22,17:23:26,524.2,2.79,511.9,276,0.24,1.000,7.362,28.39
2016-04-22,17:23:28,524.1,2.80,511.8,276,0.24,1.000,7.428,28.39
2016-04-22,17:23:30,525.1,2.80,511.8,276,0.24,1.000,7.493,28.39
2016-04-22,17:23:32,525.5,2.84,512.0,276,0.24,1.000,7.552,28.39
2016-04-22,17:23:34,525.2,2.85,511.8,276,0.24,1.000,7.604,28.39
2016-04-22,17:23:36,525.1,2.83,511.9,276,0.24,1.000,7.649,28.39
2016-04-22,17:23:38,525.7,2.80,511.9,276,0.24,1.000,7.687,28.39
2016-04-22,17:23:40,525.4,2.82,512.1,276,0.24,1.000,7.722,28.64
2016-04-22,17:23:42,525.5,2.81,511.9,276,0.24,1.000,7.755,28.39
2016-04-22,17:23:44,525.2,2.81,511.9,276,0.24,1.000,7.789,28.39
2016-04-22,17:23:46,Å525.0,2.81,511.9,276,0.24,1.000,7.817,28.39
2016-04-22,17:23:48,524.7,2.81,512.1,276,0.24,1.000,7.840,28.15
2016-04-22,17:23:50,b524.7,2.83,512.0,276,0.24,1.000,7.810,28.39
2016-04-22,17:23:52,b524.7,2.81,511.8,276,0.24,1.000,7.727,28.39
2016-04-22,17:23:54,524.4,2.79,511.9,276,0.24,1.000,7.661,28.39
2016-04-22,17:23:56,¹525.0,2.81,512.1,276,0.24,1.000,7.596,28.15
2016-04-22,17:23:58,h525.5,2.83,512.0,276,0.24,1.000,7.533,28.39
2016-04-22,17:24:00,Å525.9,2.79,512.0,276,0.24,1.000,7.480,28.39
2016-04-22,17:24:02,Á‚526.1,2.80,512.0,276,0.24,1.000,7.430,28.39
2016-04-22,17:24:04,˜526.0,2.82,511.7,276,0.24,1.000,7.394,28.15
2016-04-22,17:24:06,526.6,2.83,511.7,276,0.24,1.000,7.356,28.39
2016-04-22,17:24:08,526.6,2.80,511.9,276,0.24,1.000,7.318,28.15
2016-04-22,17:24:10,527.0,2.78,511.9,276,0.24,1.000,,28.15
2016-04-22,17:24:12,527.5,2.79,511.9,276,0.24,1.000,MSø,28.39
2016-04-22,17:24:14,526.8,2.78,511.8,276,0.24,1.000,Išºj,28.15
2016-04-22,17:24:16,526.4,2.79,511.6,276,0.24,1.000,7.199,28.15
2016-04-22,17:24:18,526.3,2.80,511.8,276,0.24,1.000,7.187,28.15
2016-04-22,17:24:20,526.3,2.81,511.8,276,0.24,1.000,7.161,28.39
2016-04-22,17:24:22,525.5,2.80,511.9,276,0.24,1.000,7.135,28.15
2016-04-22,17:24:24,524.8,2.83,511.9,276,0.24,1.000,7.114,28.15
2016-04-22,17:24:26,523.8,2.86,511.7,276,0.24,1.000,7.120,28.39
2016-04-22,17:24:28,523.5,2.83,511.7,276,0.24,1.000,7.115,28.15
2016-04-22,17:24:30,523.4,2.79,511.8,276,0.24,1.000,7.113,28.15
2016-04-22,17:24:32,523.4,2.81,511.9,276,0.24,1.000,7.114,28.15
